vocabulary_id	vocabulary_name	vocabulary_reference	vocabulary_version	vocabulary_concept_id
MeSH	Medical Subject Headings (NLM)	http://www.nlm.nih.gov/research/umls/licensedcontent/umlsknowledgesources.html	2018 Release	44819136
CDM	OMOP Common DataModel	https://github.com/OHDSI/CommonDataModel	CDM v6.0.0	32485
Concept Class	OMOP Concept Class	OMOP generated		44819233
Observation Type	OMOP Observation Type	OMOP generated		44819129
Visit	OMOP Visit	OMOP generated		44819119
Condition Type	OMOP Condition Occurrence Type	OMOP generated		44819127
Procedure Type	OMOP Procedure Occurrence Type	OMOP generated		44819128
Obs Period Type	OMOP Observation Period Type	OMOP generated		44819149
Visit Type	OMOP Visit Type	OMOP generated		44819150
Device Type	OMOP Device Type	OMOP generated		44819151
Meas Type	OMOP Measurement Type	OMOP generated		44819152
Relationship	OMOP Relationship	OMOP generated		44819235
Vocabulary	OMOP Vocabulary	OMOP generated		44819232
Plan	Health Plan - contract to administer healthcare transactions by the payer, facilitated by the sponsor			32471
Sponsor	Sponsor - institution or individual financing healthcare transactions			32472
PHDSC	Source of Payment Typology (PHDSC)	http://www.phdsc.org/standards/payer-typology-source.asp	Version 3.0	32473
Plan Stop Reason	Plan Stop Reason - Reason for termination of the Health Plan			32474
UB04 Point of Origin	UB04 Claim Source Inpatient Admission Code (CMS)	https://www.resdac.org/cms-data/variables/Claim-Source-Inpatient-Admission-Code		32045
UB04 Pt dis status	UB04 Patient Discharge Status Code (CMS)	https://www.resdac.org/cms-data/variables/patient-discharge-status-code		32047
UCUM	Unified Code for Units of Measure (Regenstrief Institute)	http://aurora.regenstrief.org/~ucum/ucum.html#section-Alphabetic-Index	Version 1.8.2	44819107
UB04 Typ bill	UB04 Type of Bill - Institutional (USHIK)	https://ushik.ahrq.gov/ViewItemDetails?&system=apcd&itemKey=196987000		32044
Drug Type	OMOP Drug Exposure Type	OMOP generated		44819126
Death Type	OMOP Death Type	OMOP generated		44819135
None	OMOP Standardized Vocabularies	OMOP generated	v5.0 19-NOV-18	44819096
UB04 Pri Typ of Adm	UB04 Claim Inpatient Admission Type Code (CMS)	https://www.resdac.org/cms-data/variables/Claim-Inpatient-Admission-Type-Code		32046
Cohort Type	OMOP Cohort Type	OMOP generated		44819234
Cost Type	OMOP Cost Type	OMOP generated		5029
Cost	OMOP Cost	OMOP generated		581457
Domain	OMOP Domain	OMOP generated		44819147
Note Type	OMOP Note Type	OMOP generated		44819146
